file_log,waktu_dijalankan,waktu_selesai,selesai,status_eksekusi,status_log_asli,mode_siklus,durasi_detik,total_jarak_mm,jumlah_segmen_tercatat,jumlah_segmen_selesai,jumlah_segmen_tidak_selesai,status_segmen,indeks_segmen_tidak_selesai,data_error,detail_error_catatan
run_cycle_off_error_partial_20260826_104306_970540.csv,2026-08-26T10:43:06.970,2026-08-26T10:43:07.381,Tidak,Tidak selesai / error,error_partial,off,0.407273,0,1,0,1,no_segment_sent,0,Ya,error_partial; tidak ada segmen yang dikirim (no_segment_sent)
run_cycle_off_stopped_partial_20260826_104325_599048.csv,2026-08-26T10:43:25.599,2026-08-26T10:44:03.046,Tidak,Tidak selesai / dihentikan,stopped_partial,off,37.44767,190,1,0,1,queued_or_interrupted,1,Tidak,stopped_partial; 1 segmen belum selesai (segmen 1)
run_cycle_off_stopped_partial_20260826_104503_497249.csv,2026-08-26T10:45:03.497,2026-08-26T10:45:07.485,Tidak,Tidak selesai / dihentikan,stopped_partial,off,3.996416,190,1,0,1,queued_or_interrupted,1,Tidak,stopped_partial; 1 segmen belum selesai (segmen 1)
run_cycle_off_stopped_partial_20260826_104513_908365.csv,2026-08-26T10:45:13.908,2026-08-26T10:45:28.481,Tidak,Tidak selesai / dihentikan,stopped_partial,off,14.577774,190,1,0,1,queued_or_interrupted,1,Tidak,stopped_partial; 1 segmen belum selesai (segmen 1)
run_cycle_off_stopped_partial_20260826_104551_798595.csv,2026-08-26T10:45:51.798,2026-08-26T10:46:14.943,Tidak,Tidak selesai / dihentikan,stopped_partial,off,23.143,190,1,0,1,queued_or_interrupted,1,Tidak,stopped_partial; 1 segmen belum selesai (segmen 1)
run_cycle_off_stopped_partial_20260826_104645_067294.csv,2026-08-26T10:46:45.067,2026-08-26T10:47:04.344,Tidak,Tidak selesai / dihentikan,stopped_partial,off,19.275133,190,1,0,1,queued_or_interrupted,1,Tidak,stopped_partial; 1 segmen belum selesai (segmen 1)
run_cycle_off_stopped_partial_20260826_104746_913846.csv,2026-08-26T10:47:46.913,2026-08-26T10:48:06.751,Tidak,Tidak selesai / dihentikan,stopped_partial,off,19.837518,190,1,0,1,queued_or_interrupted,1,Tidak,stopped_partial; 1 segmen belum selesai (segmen 1)
run_cycle_off_stopped_partial_20260826_104828_545180.csv,2026-08-26T10:48:28.545,2026-08-26T10:48:40.649,Tidak,Tidak selesai / dihentikan,stopped_partial,off,12.102378,190,1,0,1,queued_or_interrupted,1,Tidak,stopped_partial; 1 segmen belum selesai (segmen 1)
run_cycle_off_stopped_partial_20260826_104850_238784.csv,2026-08-26T10:48:50.238,2026-08-26T10:49:05.164,Tidak,Tidak selesai / dihentikan,stopped_partial,off,14.923307,190,1,0,1,queued_or_interrupted,1,Tidak,stopped_partial; 1 segmen belum selesai (segmen 1)
run_cycle_off_stopped_partial_20260826_104920_579539.csv,2026-08-26T10:49:20.579,2026-08-26T10:49:32.398,Tidak,Tidak selesai / dihentikan,stopped_partial,off,11.824973,190,1,0,1,queued_or_interrupted,1,Tidak,stopped_partial; 1 segmen belum selesai (segmen 1)
run_cycle_off_stopped_partial_20260826_104946_031211.csv,2026-08-26T10:49:46.031,2026-08-26T10:50:17.011,Tidak,Tidak selesai / dihentikan,stopped_partial,off,30.982016,190,1,0,1,queued_or_interrupted,1,Tidak,stopped_partial; 1 segmen belum selesai (segmen 1)
run_cycle_off_stopped_partial_20260826_105033_036423.csv,2026-08-26T10:50:33.036,2026-08-26T10:50:53.452,Tidak,Tidak selesai / dihentikan,stopped_partial,off,20.425007,190,1,0,1,queued_or_interrupted,1,Tidak,stopped_partial; 1 segmen belum selesai (segmen 1)
run_cycle_off_error_partial_20260826_105254_228786.csv,2026-08-26T10:52:54.228,2026-08-26T10:52:54.400,Tidak,Tidak selesai / error,error_partial,off,0.180934,0,1,0,1,no_segment_sent,0,Ya,error_partial; tidak ada segmen yang dikirim (no_segment_sent)
run_cycle_off_completed_20260826_105259_930167.csv,2026-08-26T10:52:59.930,2026-08-26T10:53:06.927,Ya,Selesai,completed,off,6.996667,118.549568,1,1,0,done,,Tidak,
run_cycle_off_completed_20260826_105321_466530.csv,2026-08-26T10:53:21.466,2026-08-26T10:53:26.153,Ya,Selesai,completed,off,4.684961,118.549568,1,1,0,done,,Tidak,
run_cycle_on_stopped_partial_20260826_105328_491054.csv,2026-08-26T10:53:28.491,2026-08-26T10:53:38.981,Tidak,Tidak selesai / dihentikan,stopped_partial,on,10.491995,0.066667,1,1,0,done,,Tidak,"stopped_partial; semua segmen yang tercatat berstatus done, tetapi run tidak berstatus completed"
run_cycle_on_stopped_partial_20260826_105821_562493.csv,2026-08-26T10:58:21.562,2026-08-26T10:58:50.956,Tidak,Tidak selesai / dihentikan,stopped_partial,on,29.402249,60.41523,1,1,0,done,,Tidak,"stopped_partial; semua segmen yang tercatat berstatus done, tetapi run tidak berstatus completed"
run_cycle_off_completed_20260826_105907_589982.csv,2026-08-26T10:59:07.589,2026-08-26T10:59:35.002,Ya,Selesai,completed,off,27.415215,554.549367,1,1,0,done,,Tidak,
run_cycle_off_completed_20260826_105938_080399.csv,2026-08-26T10:59:38.080,2026-08-26T10:59:56.356,Tidak,Tidak selesai / anomali,completed,off,18.27483,0,1,0,1,no_segment_sent,0,Perlu cek,status completed tetapi 1 segmen tidak berstatus done (no_segment_sent)
run_cycle_off_completed_20260826_110014_526050.csv,2026-08-26T11:00:14.526,2026-08-26T11:00:29.885,Ya,Selesai,completed,off,15.363131,40,1,1,0,done,,Tidak,
run_cycle_off_stopped_partial_20260826_110052_079736.csv,2026-08-26T11:00:52.079,2026-08-26T11:01:07.686,Tidak,Tidak selesai / dihentikan,stopped_partial,off,15.609416,60.416149,1,0,1,queued_or_interrupted,1,Tidak,stopped_partial; 1 segmen belum selesai (segmen 1)
run_cycle_off_stopped_partial_20260826_110505_149282.csv,2026-08-26T11:05:05.149,2026-08-26T11:05:18.838,Tidak,Tidak selesai / dihentikan,stopped_partial,off,13.694342,60.41523,1,0,1,queued_or_interrupted,1,Tidak,stopped_partial; 1 segmen belum selesai (segmen 1)
run_cycle_off_stopped_partial_20260826_111102_786453.csv,2026-08-26T11:11:02.786,2026-08-26T11:11:24.734,Tidak,Tidak selesai / dihentikan,stopped_partial,off,21.950661,190,1,0,1,queued_or_interrupted,1,Tidak,stopped_partial; 1 segmen belum selesai (segmen 1)
run_cycle_off_stopped_partial_20260826_111142_892326.csv,2026-08-26T11:11:42.892,2026-08-26T11:11:51.064,Tidak,Tidak selesai / dihentikan,stopped_partial,off,8.171638,190,1,0,1,queued_or_interrupted,1,Tidak,stopped_partial; 1 segmen belum selesai (segmen 1)
run_cycle_off_stopped_partial_20260826_111544_355311.csv,2026-08-26T11:15:44.355,2026-08-26T11:15:49.911,Tidak,Tidak selesai / dihentikan,stopped_partial,off,5.557622,190,1,0,1,queued_or_interrupted,1,Tidak,stopped_partial; 1 segmen belum selesai (segmen 1)
run_cycle_off_stopped_partial_20260826_111605_963350.csv,2026-08-26T11:16:05.963,2026-08-26T11:16:26.349,Tidak,Tidak selesai / dihentikan,stopped_partial,off,20.38433,639.092721,4,3,1,done | queued_or_interrupted,4,Tidak,stopped_partial; 1 segmen belum selesai (segmen 4)
run_cycle_off_stopped_partial_20260826_111704_076925.csv,2026-08-26T11:17:04.076,2026-08-26T11:17:57.164,Tidak,Tidak selesai / dihentikan,stopped_partial,off,53.089624,2025.980166,13,12,1,done | queued_or_interrupted,13,Tidak,stopped_partial; 1 segmen belum selesai (segmen 13)
run_cycle_off_stopped_partial_20260826_114012_659108.csv,2026-08-26T11:40:12.659,2026-08-26T11:41:05.158,Tidak,Tidak selesai / dihentikan,stopped_partial,off,52.503955,1607.082804,12,11,1,done | queued_or_interrupted,12,Tidak,stopped_partial; 1 segmen belum selesai (segmen 12)
run_cycle_off_completed_20260826_114230_125726.csv,2026-08-26T11:42:30.125,2026-08-26T11:45:06.441,Ya,Selesai,completed,off,156.315205,5855.492316,36,36,0,done,,Tidak,
run_cycle_off_stopped_partial_20260826_121133_790392.csv,2026-08-26T12:11:33.790,2026-08-26T12:11:46.182,Tidak,Tidak selesai / dihentikan,stopped_partial,off,12.392023,634.057194,4,3,1,done | queued_or_interrupted,4,Tidak,stopped_partial; 1 segmen belum selesai (segmen 4)
run_cycle_off_completed_20260826_121240_827568.csv,2026-08-26T12:12:40.827,2026-08-26T12:15:18.709,Ya,Selesai,completed,off,157.886958,5855.492316,36,36,0,done,,Tidak,
run_cycle_off_completed_20260826_121609_704760.csv,2026-08-26T12:16:09.704,2026-08-26T12:18:46.731,Ya,Selesai,completed,off,157.020909,5855.27803,36,36,0,done,,Tidak,
run_cycle_off_completed_20260826_121947_983535.csv,2026-08-26T12:19:47.983,2026-08-26T12:22:48.818,Ya,Selesai,completed,off,180.83351,5855.492316,36,36,0,done,,Tidak,
run_cycle_off_completed_20260826_122338_674773.csv,2026-08-26T12:23:38.674,2026-08-26T12:26:18.844,Ya,Selesai,completed,off,160.170301,5855.492316,36,36,0,done,,Tidak,
run_cycle_off_completed_20260826_122713_913957.csv,2026-08-26T12:27:13.913,2026-08-26T12:29:57.502,Ya,Selesai,completed,off,163.592134,5855.492316,36,36,0,done,,Tidak,
run_cycle_off_completed_20260826_123108_912311.csv,2026-08-26T12:31:08.912,2026-08-26T12:33:44.046,Ya,Selesai,completed,off,155.136841,5855.492316,36,36,0,done,,Tidak,
run_cycle_off_completed_20260826_123433_997195.csv,2026-08-26T12:34:33.997,2026-08-26T12:37:10.526,Ya,Selesai,completed,off,156.528498,5855.563745,36,36,0,done,,Tidak,
run_cycle_off_completed_20260826_123754_398283.csv,2026-08-26T12:37:54.398,2026-08-26T12:40:33.235,Ya,Selesai,completed,off,158.838538,5855.492316,36,36,0,done,,Tidak,
run_cycle_off_completed_20260826_124123_337396.csv,2026-08-26T12:41:23.337,2026-08-26T12:43:59.668,Ya,Selesai,completed,off,156.332462,5855.492316,36,36,0,done,,Tidak,
run_cycle_off_completed_20260826_124455_924443.csv,2026-08-26T12:44:55.924,2026-08-26T12:47:34.885,Ya,Selesai,completed,off,158.95295,5855.420887,36,36,0,done,,Tidak,
run_cycle_off_stopped_partial_20260826_124820_511606.csv,2026-08-26T12:48:20.511,2026-08-26T12:49:29.312,Tidak,Tidak selesai / dihentikan,stopped_partial,off,68.802237,2512.363146,16,15,1,done | queued_or_interrupted,16,Tidak,stopped_partial; 1 segmen belum selesai (segmen 16)
run_cycle_off_error_partial_20260826_131250_614496.csv,2026-08-26T13:12:50.614,2026-08-26T13:12:54.805,Tidak,Tidak selesai / error,error_partial,off,4.190467,190,1,0,1,queued_or_interrupted,1,Ya,error_partial; 1 segmen queued_or_interrupted
run_cycle_off_completed_20260826_131317_224129.csv,2026-08-26T13:13:17.224,2026-08-26T13:15:59.746,Ya,Selesai,completed,off,162.522982,5855.420887,36,36,0,done,,Tidak,
run_cycle_off_error_partial_20260826_131647_905073.csv,2026-08-26T13:16:47.905,2026-08-26T13:16:50.390,Tidak,Tidak selesai / error,error_partial,off,2.48568,190,1,0,1,queued_or_interrupted,1,Ya,error_partial; 1 segmen queued_or_interrupted
run_cycle_off_error_partial_20260826_131701_588651.csv,2026-08-26T13:17:01.588,2026-08-26T13:17:03.955,Tidak,Tidak selesai / error,error_partial,off,2.371795,190,1,0,1,queued_or_interrupted,1,Ya,error_partial; 1 segmen queued_or_interrupted
run_cycle_off_completed_20260826_131716_215849.csv,2026-08-26T13:17:16.215,2026-08-26T13:19:55.675,Ya,Selesai,completed,off,159.462617,5855.349459,36,36,0,done,,Tidak,
run_cycle_off_completed_20260826_132059_113027.csv,2026-08-26T13:20:59.113,2026-08-26T13:23:41.616,Ya,Selesai,completed,off,162.507542,5855.420887,36,36,0,done,,Tidak,
run_cycle_off_completed_20260826_132443_537026.csv,2026-08-26T13:24:43.537,2026-08-26T13:27:30.221,Ya,Selesai,completed,off,166.683856,5855.492316,36,36,0,done,,Tidak,
run_cycle_off_completed_20260826_132831_968990.csv,2026-08-26T13:28:31.968,2026-08-26T13:31:11.960,Ya,Selesai,completed,off,159.998565,5855.492316,36,36,0,done,,Tidak,
run_cycle_off_completed_20260826_133215_083196.csv,2026-08-26T13:32:15.083,2026-08-26T13:34:51.182,Ya,Selesai,completed,off,156.093251,5855.492316,36,36,0,done,,Tidak,
run_cycle_off_completed_20260826_133547_671696.csv,2026-08-26T13:35:47.671,2026-08-26T13:38:29.390,Ya,Selesai,completed,off,161.722559,5855.492316,36,36,0,done,,Tidak,
run_cycle_off_stopped_partial_20260826_133920_346484.csv,2026-08-26T13:39:20.346,2026-08-26T13:39:30.501,Tidak,Tidak selesai / dihentikan,stopped_partial,off,10.15571,634.27148,4,3,1,done | queued_or_interrupted,4,Tidak,stopped_partial; 1 segmen belum selesai (segmen 4)
run_cycle_off_error_partial_20260826_133946_871290.csv,2026-08-26T13:39:46.871,2026-08-26T13:40:01.052,Tidak,Tidak selesai / error,error_partial,off,14.186265,634.27148,4,3,1,done | queued_or_interrupted,4,Ya,error_partial; 1 segmen queued_or_interrupted
run_cycle_off_completed_20260826_134059_916379.csv,2026-08-26T13:40:59.916,2026-08-26T13:43:45.598,Ya,Selesai,completed,off,165.682509,5855.492316,36,36,0,done,,Tidak,
run_cycle_off_stopped_partial_20260826_134441_600378.csv,2026-08-26T13:44:41.600,2026-08-26T13:44:56.955,Tidak,Tidak selesai / dihentikan,stopped_partial,off,15.359119,634.057194,4,3,1,done | queued_or_interrupted,4,Tidak,stopped_partial; 1 segmen belum selesai (segmen 4)
run_cycle_off_stopped_partial_20260826_134604_148225.csv,2026-08-26T13:46:04.148,2026-08-26T13:49:08.851,Tidak,Tidak selesai / dihentikan,stopped_partial,off,184.716021,4066.31673,25,24,1,done | queued_or_interrupted,25,Tidak,stopped_partial; 1 segmen belum selesai (segmen 25)
run_cycle_off_stopped_partial_20260826_135015_209864.csv,2026-08-26T13:50:15.209,2026-08-26T13:51:34.939,Tidak,Tidak selesai / dihentikan,stopped_partial,off,79.726889,2562.291718,18,17,1,done | queued_or_interrupted,18,Tidak,stopped_partial; 1 segmen belum selesai (segmen 18)
run_cycle_off_completed_20260826_135251_984616.csv,2026-08-26T13:52:51.984,2026-08-26T13:55:32.231,Ya,Selesai,completed,off,160.244178,5855.563745,36,36,0,done,,Tidak,
run_cycle_off_completed_20260826_135621_429264.csv,2026-08-26T13:56:21.429,2026-08-26T13:59:02.775,Ya,Selesai,completed,off,161.346033,5855.492316,36,36,0,done,,Tidak,
run_cycle_off_stopped_partial_20260826_135948_742332.csv,2026-08-26T13:59:48.742,2026-08-26T14:01:45.715,Tidak,Tidak selesai / dihentikan,stopped_partial,off,116.970809,4091.31673,26,25,1,done | queued_or_interrupted,26,Tidak,stopped_partial; 1 segmen belum selesai (segmen 26)
run_cycle_off_completed_20260826_140229_549049.csv,2026-08-26T14:02:29.549,2026-08-26T14:05:08.208,Ya,Selesai,completed,off,158.665552,5855.492316,36,36,0,done,,Tidak,
run_cycle_off_completed_20260826_140619_735313.csv,2026-08-26T14:06:19.735,2026-08-26T14:09:03.482,Ya,Selesai,completed,off,163.753699,5855.492316,36,36,0,done,,Tidak,
run_cycle_off_completed_20260826_140954_685166.csv,2026-08-26T14:09:54.685,2026-08-26T14:12:38.511,Ya,Selesai,completed,off,163.821065,5855.492316,36,36,0,done,,Tidak,
run_cycle_off_stopped_partial_20260827_095932_878986.csv,2026-08-27T09:59:32.878,2026-08-27T10:00:01.623,Tidak,Tidak selesai / dihentikan,stopped_partial,off,28.750675,1088.185442,7,6,1,done | queued_or_interrupted,7,Tidak,stopped_partial; 1 segmen belum selesai (segmen 7)
run_cycle_off_completed_20260827_100028_289673.csv,2026-08-27T10:00:28.289,2026-08-27T10:03:07.456,Ya,Selesai,completed,off,159.163413,5868.747844,36,36,0,done,,Tidak,
run_cycle_off_completed_20260827_100534_216693.csv,2026-08-27T10:05:34.216,2026-08-27T10:08:12.039,Ya,Selesai,completed,off,157.826577,5868.747844,36,36,0,done,,Tidak,
run_cycle_off_completed_20260827_101926_846544.csv,2026-08-27T10:19:26.846,2026-08-27T10:21:59.601,Ya,Selesai,completed,off,152.753539,5868.747844,36,36,0,done,,Tidak,
run_cycle_off_completed_20260827_103258_391367.csv,2026-08-27T10:32:58.391,2026-08-27T10:35:38.253,Ya,Selesai,completed,off,159.8619,5868.747844,36,36,0,done,,Tidak,
run_cycle_off_error_partial_20260827_103632_855907.csv,2026-08-27T10:36:32.855,2026-08-27T10:38:28.667,Tidak,Tidak selesai / error,error_partial,off,115.817206,4642.945672,28,27,1,done | queued_or_interrupted,28,Ya,error_partial; 1 segmen queued_or_interrupted
run_cycle_off_completed_20260827_104034_657740.csv,2026-08-27T10:40:34.657,2026-08-27T10:43:09.767,Ya,Selesai,completed,off,155.123262,5868.747844,36,36,0,done,,Tidak,
run_cycle_off_stopped_partial_20260827_104411_115943.csv,2026-08-27T10:44:11.115,2026-08-27T10:45:54.692,Tidak,Tidak selesai / dihentikan,stopped_partial,off,103.572231,4075.959212,25,24,1,done | queued_or_interrupted,25,Tidak,stopped_partial; 1 segmen belum selesai (segmen 25)
run_cycle_off_error_partial_20260827_104635_485389.csv,2026-08-27T10:46:35.485,2026-08-27T10:48:03.664,Tidak,Tidak selesai / error,error_partial,off,88.175436,3546.780866,22,21,1,done | queued_or_interrupted,22,Ya,error_partial; 1 segmen queued_or_interrupted
run_cycle_off_error_partial_20260827_105121_697985.csv,2026-08-27T10:51:21.697,2026-08-27T10:51:24.076,Tidak,Tidak selesai / error,error_partial,off,2.390015,190,1,0,1,queued_or_interrupted,1,Ya,error_partial; 1 segmen queued_or_interrupted
run_cycle_off_completed_20260827_105134_472046.csv,2026-08-27T10:51:34.472,2026-08-27T10:54:13.049,Ya,Selesai,completed,off,158.582722,5868.747844,36,36,0,done,,Tidak,
run_cycle_off_stopped_partial_20260827_105500_788434.csv,2026-08-27T10:55:00.788,2026-08-27T10:56:41.818,Tidak,Tidak selesai / dihentikan,stopped_partial,off,101.042698,3546.852294,22,21,1,done | queued_or_interrupted,22,Tidak,stopped_partial; 1 segmen belum selesai (segmen 22)
run_cycle_off_stopped_partial_20260827_105916_097890.csv,2026-08-27T10:59:16.097,2026-08-27T11:00:07.927,Tidak,Tidak selesai / dihentikan,stopped_partial,off,51.838846,2025.980166,13,12,1,done | queued_or_interrupted,13,Tidak,stopped_partial; 1 segmen belum selesai (segmen 13)
run_cycle_off_completed_20260827_110043_009057.csv,2026-08-27T11:00:43.009,2026-08-27T11:03:16.426,Ya,Selesai,completed,off,153.420579,5868.747844,36,36,0,done,,Tidak,
run_cycle_off_completed_20260827_110417_742060.csv,2026-08-27T11:04:17.742,2026-08-27T11:06:52.125,Ya,Selesai,completed,off,154.394458,5868.747844,36,36,0,done,,Tidak,
run_cycle_off_completed_20260827_110752_658755.csv,2026-08-27T11:07:52.658,2026-08-27T11:10:31.848,Ya,Selesai,completed,off,159.200098,5868.747844,36,36,0,done,,Tidak,
run_cycle_off_completed_20260827_111122_424539.csv,2026-08-27T11:11:22.424,2026-08-27T11:13:54.837,Ya,Selesai,completed,off,152.417702,5868.747844,36,36,0,done,,Tidak,
run_cycle_off_completed_20260827_111501_042736.csv,2026-08-27T11:15:01.042,2026-08-27T11:17:35.967,Ya,Selesai,completed,off,154.9216,5868.747844,36,36,0,done,,Tidak,
run_cycle_off_stopped_partial_20260827_111831_685415.csv,2026-08-27T11:18:31.685,2026-08-27T11:19:45.251,Tidak,Tidak selesai / dihentikan,stopped_partial,off,73.567766,2546.9342,17,16,1,done | queued_or_interrupted,17,Tidak,stopped_partial; 1 segmen belum selesai (segmen 17)
run_cycle_off_completed_20260827_112212_199656.csv,2026-08-27T11:22:12.199,2026-08-27T11:24:47.489,Ya,Selesai,completed,off,155.29449,5868.747844,36,36,0,done,,Tidak,
run_cycle_off_error_partial_20260827_112539_140854.csv,2026-08-27T11:25:39.140,2026-08-27T11:27:10.096,Tidak,Tidak selesai / error,error_partial,off,90.958795,3546.852294,22,21,1,done | queued_or_interrupted,22,Ya,error_partial; 1 segmen queued_or_interrupted
run_cycle_off_stopped_partial_20260827_112837_958984.csv,2026-08-27T11:28:37.958,2026-08-27T11:30:04.989,Tidak,Tidak selesai / dihentikan,stopped_partial,off,87.031183,3042.888233,20,20,0,done,,Tidak,"stopped_partial; semua segmen yang tercatat berstatus done, tetapi run tidak berstatus completed"
run_cycle_off_stopped_partial_20260827_113219_329645.csv,2026-08-27T11:32:19.329,2026-08-27T11:32:31.080,Tidak,Tidak selesai / dihentikan,stopped_partial,off,11.749219,639.026054,4,3,1,done | queued_or_interrupted,4,Tidak,stopped_partial; 1 segmen belum selesai (segmen 4)
run_cycle_off_stopped_partial_20260827_113256_623751.csv,2026-08-27T11:32:56.623,2026-08-27T11:33:08.575,Tidak,Tidak selesai / dihentikan,stopped_partial,off,11.949935,639.092721,4,3,1,done | queued_or_interrupted,4,Tidak,stopped_partial; 1 segmen belum selesai (segmen 4)
run_cycle_off_error_partial_20260827_113329_608857.csv,2026-08-27T11:33:29.608,2026-08-27T11:33:29.843,Tidak,Tidak selesai / error,error_partial,off,0.239538,0,1,0,1,no_segment_sent,0,Ya,error_partial; tidak ada segmen yang dikirim (no_segment_sent)
run_cycle_off_error_partial_20260827_113338_709883.csv,2026-08-27T11:33:38.709,2026-08-27T11:35:39.441,Tidak,Tidak selesai / error,error_partial,off,120.731792,4642.945672,28,27,1,done | queued_or_interrupted,28,Ya,error_partial; 1 segmen queued_or_interrupted
run_cycle_off_stopped_partial_20260827_113716_984037.csv,2026-08-27T11:37:16.984,2026-08-27T11:37:27.164,Tidak,Tidak selesai / dihentikan,stopped_partial,off,10.193169,190,1,0,1,queued_or_interrupted,1,Tidak,stopped_partial; 1 segmen belum selesai (segmen 1)
run_cycle_off_stopped_partial_20260827_113743_482553.csv,2026-08-27T11:37:43.482,2026-08-27T11:37:57.578,Tidak,Tidak selesai / dihentikan,stopped_partial,off,14.096681,639.092721,4,3,1,done | queued_or_interrupted,4,Tidak,stopped_partial; 1 segmen belum selesai (segmen 4)
run_cycle_off_stopped_partial_20260827_113811_144848.csv,2026-08-27T11:38:11.144,2026-08-27T11:38:59.524,Tidak,Tidak selesai / dihentikan,stopped_partial,off,48.38192,1557.082804,10,9,1,done | queued_or_interrupted,10,Tidak,stopped_partial; 1 segmen belum selesai (segmen 10)
run_cycle_off_stopped_partial_20260827_114120_978310.csv,2026-08-27T11:41:20.978,2026-08-27T11:41:48.441,Tidak,Tidak selesai / dihentikan,stopped_partial,off,27.470555,1088.185442,7,6,1,done | queued_or_interrupted,7,Tidak,stopped_partial; 1 segmen belum selesai (segmen 7)
run_cycle_off_error_partial_20260827_114215_440058.csv,2026-08-27T11:42:15.440,2026-08-27T11:42:17.486,Tidak,Tidak selesai / error,error_partial,off,2.049203,190,1,0,1,queued_or_interrupted,1,Ya,error_partial; 1 segmen queued_or_interrupted
run_cycle_off_completed_20260827_114224_823910.csv,2026-08-27T11:42:24.823,2026-08-27T11:45:05.114,Ya,Selesai,completed,off,160.290877,5868.747844,36,36,0,done,,Tidak,
run_cycle_off_completed_20260827_114545_469902.csv,2026-08-27T11:45:45.469,2026-08-27T11:48:24.977,Ya,Selesai,completed,off,159.507381,5868.747844,36,36,0,done,,Tidak,
run_cycle_off_error_partial_20260827_115007_024040.csv,2026-08-27T11:50:07.024,2026-08-27T11:52:35.121,Tidak,Tidak selesai / error,error_partial,off,148.098946,5818.676416,34,33,1,done | queued_or_interrupted,34,Ya,error_partial; 1 segmen queued_or_interrupted
run_cycle_off_error_partial_20260827_115406_710891.csv,2026-08-27T11:54:06.710,2026-08-27T11:54:06.958,Tidak,Tidak selesai / error,error_partial,off,0.246387,0,1,0,1,no_segment_sent,0,Ya,error_partial; tidak ada segmen yang dikirim (no_segment_sent)
run_cycle_off_stopped_partial_20260827_115413_945862.csv,2026-08-27T11:54:13.945,2026-08-27T11:54:20.609,Tidak,Tidak selesai / dihentikan,stopped_partial,off,6.662967,190,1,0,1,queued_or_interrupted,1,Tidak,stopped_partial; 1 segmen belum selesai (segmen 1)
run_cycle_off_stopped_partial_20260827_115451_487463.csv,2026-08-27T11:54:51.487,2026-08-27T11:56:11.440,Tidak,Tidak selesai / dihentikan,stopped_partial,off,79.955617,3017.888233,19,18,1,done | queued_or_interrupted,19,Tidak,stopped_partial; 1 segmen belum selesai (segmen 19)
run_cycle_off_error_partial_20260827_115731_544423.csv,2026-08-27T11:57:31.544,2026-08-27T11:58:10.125,Tidak,Tidak selesai / error,error_partial,off,38.580868,1557.082804,10,9,1,done | queued_or_interrupted,10,Ya,error_partial; 1 segmen queued_or_interrupted
run_cycle_off_stopped_partial_20260827_115930_115966.csv,2026-08-27T11:59:30.115,2026-08-27T11:59:36.644,Tidak,Tidak selesai / dihentikan,stopped_partial,off,6.53223,190,1,0,1,queued_or_interrupted,1,Tidak,stopped_partial; 1 segmen belum selesai (segmen 1)
run_cycle_off_error_partial_20260827_120016_574112.csv,2026-08-27T12:00:16.574,2026-08-27T12:00:16.813,Tidak,Tidak selesai / error,error_partial,off,0.244586,0,1,0,1,no_segment_sent,0,Ya,error_partial; tidak ada segmen yang dikirim (no_segment_sent)
run_cycle_off_error_partial_20260827_120025_408177.csv,2026-08-27T12:00:25.408,2026-08-27T12:00:25.657,Tidak,Tidak selesai / error,error_partial,off,0.252143,0,1,0,1,no_segment_sent,0,Ya,error_partial; tidak ada segmen yang dikirim (no_segment_sent)
run_cycle_off_stopped_partial_20260827_120030_432338.csv,2026-08-27T12:00:30.432,2026-08-27T12:02:55.636,Tidak,Tidak selesai / dihentikan,stopped_partial,off,145.211521,4642.945672,28,27,1,done | queued_or_interrupted,28,Tidak,stopped_partial; 1 segmen belum selesai (segmen 28)
run_cycle_off_error_partial_20260827_122708_132428.csv,2026-08-27T12:27:08.132,2026-08-27T12:27:08.853,Tidak,Tidak selesai / error,error_partial,off,0.722566,0,1,0,1,no_segment_sent,0,Ya,error_partial; tidak ada segmen yang dikirim (no_segment_sent)
run_cycle_off_completed_20260827_122718_828269.csv,2026-08-27T12:27:18.828,2026-08-27T12:30:01.449,Ya,Selesai,completed,off,162.621421,5868.747844,36,36,0,done,,Tidak,
run_cycle_off_completed_20260827_123322_813855.csv,2026-08-27T12:33:22.813,2026-08-27T12:36:05.406,Ya,Selesai,completed,off,162.587313,5868.747844,36,36,0,done,,Tidak,
run_cycle_off_stopped_partial_20260827_123641_886128.csv,2026-08-27T12:36:41.886,2026-08-27T12:37:59.795,Tidak,Tidak selesai / dihentikan,stopped_partial,off,77.908911,3017.888233,19,18,1,done | queued_or_interrupted,19,Tidak,stopped_partial; 1 segmen belum selesai (segmen 19)
run_cycle_off_completed_20260827_123836_289976.csv,2026-08-27T12:38:36.289,2026-08-27T12:41:13.874,Ya,Selesai,completed,off,157.594298,5868.747844,36,36,0,done,,Tidak,
run_cycle_off_error_partial_20260827_124213_473075.csv,2026-08-27T12:42:13.473,2026-08-27T12:42:13.691,Tidak,Tidak selesai / error,error_partial,off,0.221807,0,1,0,1,no_segment_sent,0,Ya,error_partial; tidak ada segmen yang dikirim (no_segment_sent)
run_cycle_off_stopped_partial_20260827_124219_029767.csv,2026-08-27T12:42:19.029,2026-08-27T12:42:46.451,Tidak,Tidak selesai / dihentikan,stopped_partial,off,27.422062,1088.185442,7,6,1,done | queued_or_interrupted,7,Tidak,stopped_partial; 1 segmen belum selesai (segmen 7)
run_cycle_off_stopped_partial_20260827_124304_759166.csv,2026-08-27T12:43:04.759,2026-08-27T12:43:43.919,Tidak,Tidak selesai / dihentikan,stopped_partial,off,39.159746,1557.082804,10,9,1,done | queued_or_interrupted,10,Tidak,stopped_partial; 1 segmen belum selesai (segmen 10)
run_cycle_off_stopped_partial_20260827_124448_456327.csv,2026-08-27T12:44:48.456,2026-08-27T12:45:46.312,Tidak,Tidak selesai / dihentikan,stopped_partial,off,57.861688,1557.011376,10,9,1,done | queued_or_interrupted,10,Tidak,stopped_partial; 1 segmen belum selesai (segmen 10)
run_cycle_off_stopped_partial_20260827_124641_421958.csv,2026-08-27T12:46:41.421,2026-08-27T12:47:23.445,Tidak,Tidak selesai / dihentikan,stopped_partial,off,42.020255,1557.082804,10,9,1,done | queued_or_interrupted,10,Tidak,stopped_partial; 1 segmen belum selesai (segmen 10)
run_cycle_off_stopped_partial_20260827_124823_524387.csv,2026-08-27T12:48:23.524,2026-08-27T12:49:58.979,Tidak,Tidak selesai / dihentikan,stopped_partial,off,95.465821,3546.923723,22,21,1,done | queued_or_interrupted,22,Tidak,stopped_partial; 1 segmen belum selesai (segmen 22)
run_cycle_off_error_partial_20260827_125107_455824.csv,2026-08-27T12:51:07.455,2026-08-27T12:51:09.573,Tidak,Tidak selesai / error,error_partial,off,2.115136,190,1,0,1,queued_or_interrupted,1,Ya,error_partial; 1 segmen queued_or_interrupted
run_cycle_off_error_partial_20260827_125113_326310.csv,2026-08-27T12:51:13.326,2026-08-27T12:52:46.541,Tidak,Tidak selesai / error,error_partial,off,93.211728,3546.923723,22,21,1,done | queued_or_interrupted,22,Ya,error_partial; 1 segmen queued_or_interrupted
run_cycle_off_stopped_partial_20260827_125403_297146.csv,2026-08-27T12:54:03.297,2026-08-27T12:54:35.286,Tidak,Tidak selesai / dihentikan,stopped_partial,off,31.995925,1088.185442,7,6,1,done | queued_or_interrupted,7,Tidak,stopped_partial; 1 segmen belum selesai (segmen 7)
run_cycle_off_completed_20260827_125502_141842.csv,2026-08-27T12:55:02.141,2026-08-27T12:57:35.519,Ya,Selesai,completed,off,153.380006,5868.747844,36,36,0,done,,Tidak,
run_cycle_off_completed_20260827_125826_320757.csv,2026-08-27T12:58:26.320,2026-08-27T13:01:05.477,Ya,Selesai,completed,off,159.16746,5868.676416,36,36,0,done,,Tidak,
run_cycle_off_stopped_partial_20260827_130151_837559.csv,2026-08-27T13:01:51.837,2026-08-27T13:02:47.670,Tidak,Tidak selesai / dihentikan,stopped_partial,off,55.829375,2025.837309,13,12,1,done | queued_or_interrupted,13,Tidak,stopped_partial; 1 segmen belum selesai (segmen 13)
run_cycle_off_error_partial_20260827_130307_875527.csv,2026-08-27T13:03:07.875,2026-08-27T13:03:46.406,Tidak,Tidak selesai / error,error_partial,off,38.530392,1088.185442,7,6,1,done | queued_or_interrupted,7,Ya,error_partial; 1 segmen queued_or_interrupted
run_cycle_off_stopped_partial_20260827_130428_533590.csv,2026-08-27T13:04:28.533,2026-08-27T13:04:56.414,Tidak,Tidak selesai / dihentikan,stopped_partial,off,27.884939,1088.185442,7,6,1,done | queued_or_interrupted,7,Tidak,stopped_partial; 1 segmen belum selesai (segmen 7)
run_cycle_off_error_partial_20260827_130533_006713.csv,2026-08-27T13:05:33.006,2026-08-27T13:06:11.619,Tidak,Tidak selesai / error,error_partial,off,38.613579,1557.082804,10,9,1,done | queued_or_interrupted,10,Ya,error_partial; 1 segmen queued_or_interrupted
run_cycle_off_stopped_partial_20260827_130715_492879.csv,2026-08-27T13:07:15.492,2026-08-27T13:09:52.781,Tidak,Tidak selesai / dihentikan,stopped_partial,off,157.286312,5818.247844,34,33,1,done | queued_or_interrupted,34,Tidak,stopped_partial; 1 segmen belum selesai (segmen 34)
run_cycle_off_stopped_partial_20260827_131006_128346.csv,2026-08-27T13:10:06.128,2026-08-27T13:10:17.775,Tidak,Tidak selesai / dihentikan,stopped_partial,off,11.656839,562.820549,1,0,1,queued_or_interrupted,1,Tidak,stopped_partial; 1 segmen belum selesai (segmen 1)
run_cycle_off_stopped_partial_20260827_131112_919244.csv,2026-08-27T13:11:12.919,2026-08-27T13:11:25.092,Tidak,Tidak selesai / dihentikan,stopped_partial,off,12.173428,639.092721,4,3,1,done | queued_or_interrupted,4,Tidak,stopped_partial; 1 segmen belum selesai (segmen 4)
run_cycle_off_completed_20260827_131202_071253.csv,2026-08-27T13:12:02.071,2026-08-27T13:14:37.657,Ya,Selesai,completed,off,155.585945,5868.747844,36,36,0,done,,Tidak,
run_cycle_off_stopped_partial_20260827_131533_066103.csv,2026-08-27T13:15:33.066,2026-08-27T13:17:18.492,Tidak,Tidak selesai / dihentikan,stopped_partial,off,105.430958,4075.816355,25,24,1,done | queued_or_interrupted,25,Tidak,stopped_partial; 1 segmen belum selesai (segmen 25)
run_cycle_off_stopped_partial_20260827_132908_430639.csv,2026-08-27T13:29:08.430,2026-08-27T13:29:25.279,Tidak,Tidak selesai / dihentikan,stopped_partial,off,16.854536,639.092721,4,3,1,done | queued_or_interrupted,4,Tidak,stopped_partial; 1 segmen belum selesai (segmen 4)
run_cycle_off_stopped_partial_20260827_133116_207768.csv,2026-08-27T13:31:16.207,2026-08-27T13:32:13.402,Tidak,Tidak selesai / dihentikan,stopped_partial,off,57.207685,2025.980166,13,12,1,done | queued_or_interrupted,13,Tidak,stopped_partial; 1 segmen belum selesai (segmen 13)
run_cycle_off_stopped_partial_20260827_133237_009048.csv,2026-08-27T13:32:37.009,2026-08-27T13:34:57.185,Tidak,Tidak selesai / dihentikan,stopped_partial,off,140.189643,4692.945672,30,29,1,done | queued_or_interrupted,30,Tidak,stopped_partial; 1 segmen belum selesai (segmen 30)
run_cycle_off_error_partial_20260827_133546_879215.csv,2026-08-27T13:35:46.879,2026-08-27T13:37:50.286,Tidak,Tidak selesai / error,error_partial,off,123.408852,4075.959212,25,24,1,done | queued_or_interrupted,25,Ya,error_partial; 1 segmen queued_or_interrupted
run_cycle_off_completed_20260827_133959_151143.csv,2026-08-27T13:39:59.151,2026-08-27T13:42:36.992,Ya,Selesai,completed,off,157.845143,5868.676416,36,36,0,done,,Tidak,
run_cycle_off_completed_20260827_134345_913568.csv,2026-08-27T13:43:45.913,2026-08-27T13:46:28.678,Ya,Selesai,completed,off,162.76591,5868.747844,36,36,0,done,,Tidak,
run_cycle_off_error_partial_20260827_134738_475942.csv,2026-08-27T13:47:38.475,2026-08-27T13:47:54.670,Tidak,Tidak selesai / error,error_partial,off,16.189502,639.092721,4,3,1,done | queued_or_interrupted,4,Ya,error_partial; 1 segmen queued_or_interrupted
run_cycle_off_completed_20260827_134854_345706.csv,2026-08-27T13:48:54.345,2026-08-27T13:51:29.681,Ya,Selesai,completed,off,155.336381,5868.676416,36,36,0,done,,Tidak,
run_cycle_off_completed_20260827_135223_457017.csv,2026-08-27T13:52:23.457,2026-08-27T13:55:00.534,Ya,Selesai,completed,off,157.078511,5868.747844,36,36,0,done,,Tidak,
run_cycle_off_stopped_partial_20260827_135541_589435.csv,2026-08-27T13:55:41.589,2026-08-27T13:58:21.243,Tidak,Tidak selesai / dihentikan,stopped_partial,off,159.652039,5818.46213,34,33,1,done | queued_or_interrupted,34,Tidak,stopped_partial; 1 segmen belum selesai (segmen 34)
run_cycle_off_stopped_partial_20260827_150059_319438.csv,2026-08-27T15:00:59.319,2026-08-27T15:01:32.305,Tidak,Tidak selesai / dihentikan,stopped_partial,off,32.987457,554.549367,1,0,1,queued_or_interrupted,1,Tidak,stopped_partial; 1 segmen belum selesai (segmen 1)
run_cycle_off_stopped_partial_20260827_151854_999693.csv,2026-08-27T15:18:54.999,2026-08-27T15:18:59.057,Tidak,Tidak selesai / dihentikan,stopped_partial,off,4.066474,554.549467,1,0,1,queued_or_interrupted,1,Tidak,stopped_partial; 1 segmen belum selesai (segmen 1)
run_cycle_off_completed_20260827_151909_554416.csv,2026-08-27T15:19:09.554,2026-08-27T15:19:40.478,Ya,Selesai,completed,off,30.930342,554.549367,1,1,0,done,,Tidak,
run_cycle_off_error_partial_20260827_152104_499791.csv,2026-08-27T15:21:04.499,2026-08-27T15:21:06.294,Tidak,Tidak selesai / error,error_partial,off,1.808098,190,1,0,1,queued_or_interrupted,1,Ya,error_partial; 1 segmen queued_or_interrupted
run_cycle_off_completed_20260827_152113_732195.csv,2026-08-27T15:21:13.732,2026-08-27T15:24:19.252,Ya,Selesai,completed,off,185.533764,5868.676416,36,36,0,done,,Tidak,
run_cycle_off_stopped_partial_20260827_154829_642119.csv,2026-08-27T15:48:29.642,2026-08-27T15:49:42.398,Tidak,Tidak selesai / dihentikan,stopped_partial,off,72.763467,2521.791343,16,15,1,done | queued_or_interrupted,16,Tidak,stopped_partial; 1 segmen belum selesai (segmen 16)
run_cycle_off_completed_20260827_155043_072087.csv,2026-08-27T15:50:43.072,2026-08-27T15:53:54.494,Ya,Selesai,completed,off,191.426377,5868.747844,36,36,0,done,,Tidak,
run_cycle_off_error_partial_20260828_124651_901034.csv,2026-08-28T12:46:51.901,2026-08-28T12:46:52.808,Tidak,Tidak selesai / error,error_partial,off,0.907435,0,1,0,1,no_segment_sent,0,Ya,error_partial; tidak ada segmen yang dikirim (no_segment_sent)
run_cycle_off_completed_20260828_124658_496783.csv,2026-08-28T12:46:58.496,2026-08-28T12:50:18.080,Ya,Selesai,completed,off,199.583085,5868.46213,36,36,0,done,,Tidak,
run_cycle_off_completed_20260828_125719_756032.csv,2026-08-28T12:57:19.756,2026-08-28T13:00:09.989,Ya,Selesai,completed,off,170.233368,5868.747844,36,36,0,done,,Tidak,
run_cycle_off_stopped_partial_20260828_130243_529636.csv,2026-08-28T13:02:43.529,2026-08-28T13:04:09.624,Tidak,Tidak selesai / dihentikan,stopped_partial,off,86.093484,2546.9342,17,16,1,done | queued_or_interrupted,17,Tidak,stopped_partial; 1 segmen belum selesai (segmen 17)
run_cycle_off_stopped_partial_20260828_130621_786409.csv,2026-08-28T13:06:21.786,2026-08-28T13:06:48.220,Tidak,Tidak selesai / dihentikan,stopped_partial,off,26.444135,639.021292,4,3,1,done | queued_or_interrupted,4,Tidak,stopped_partial; 1 segmen belum selesai (segmen 4)
run_cycle_off_stopped_partial_20260828_130745_503808.csv,2026-08-28T13:07:45.503,2026-08-28T13:07:53.359,Tidak,Tidak selesai / dihentikan,stopped_partial,off,7.870164,2050.980166,14,14,0,done,,Tidak,"stopped_partial; semua segmen yang tercatat berstatus done, tetapi run tidak berstatus completed"
run_cycle_off_stopped_partial_20260828_133405_576478.csv,2026-08-28T13:34:05.576,2026-08-28T13:34:39.078,Tidak,Tidak selesai / dihentikan,stopped_partial,off,33.503895,1088.256871,7,6,1,done | queued_or_interrupted,7,Tidak,stopped_partial; 1 segmen belum selesai (segmen 7)
run_cycle_off_completed_20260828_133535_602934.csv,2026-08-28T13:35:35.602,2026-08-28T13:38:28.824,Ya,Selesai,completed,off,173.220564,5868.747844,36,36,0,done,,Tidak,
run_cycle_off_completed_20260828_133913_595556.csv,2026-08-28T13:39:13.595,2026-08-28T13:42:03.824,Ya,Selesai,completed,off,170.226727,5868.747844,36,36,0,done,,Tidak,
run_cycle_off_completed_20260828_134257_862414.csv,2026-08-28T13:42:57.862,2026-08-28T13:45:57.081,Ya,Selesai,completed,off,179.221405,5868.747844,36,36,0,done,,Tidak,
run_cycle_off_completed_20260828_134654_435685.csv,2026-08-28T13:46:54.435,2026-08-28T13:49:46.800,Ya,Selesai,completed,off,172.363232,5868.747844,36,36,0,done,,Tidak,
run_cycle_off_completed_20260828_135035_624141.csv,2026-08-28T13:50:35.624,2026-08-28T13:53:33.643,Ya,Selesai,completed,off,178.024466,5868.747844,36,36,0,done,,Tidak,
run_cycle_off_completed_20260828_135430_815618.csv,2026-08-28T13:54:30.815,2026-08-28T13:57:23.655,Ya,Selesai,completed,off,172.835423,5868.604987,36,36,0,done,,Tidak,
run_cycle_off_completed_20260828_135814_183729.csv,2026-08-28T13:58:14.183,2026-08-28T14:01:05.141,Ya,Selesai,completed,off,170.954289,5868.747844,36,36,0,done,,Tidak,
run_cycle_off_completed_20260828_140203_044101.csv,2026-08-28T14:02:03.044,2026-08-28T14:04:53.375,Ya,Selesai,completed,off,170.34411,5868.819273,36,36,0,done,,Tidak,
run_cycle_off_completed_20260828_140555_073925.csv,2026-08-28T14:05:55.073,2026-08-28T14:08:46.024,Ya,Selesai,completed,off,170.953433,5868.747844,36,36,0,done,,Tidak,
run_cycle_off_stopped_partial_20260828_140948_908537.csv,2026-08-28T14:09:48.908,2026-08-28T14:11:42.023,Tidak,Tidak selesai / dihentikan,stopped_partial,off,113.117325,3546.923723,22,21,1,done | queued_or_interrupted,22,Tidak,stopped_partial; 1 segmen belum selesai (segmen 22)
run_cycle_off_completed_20260828_142024_754016.csv,2026-08-28T14:20:24.754,2026-08-28T14:23:24.235,Ya,Selesai,completed,off,179.481859,5869.104987,36,36,0,done,,Tidak,
run_cycle_off_error_partial_20260828_142414_544609.csv,2026-08-28T14:24:14.544,2026-08-28T14:24:45.846,Tidak,Tidak selesai / error,error_partial,off,31.303967,1088.185442,7,6,1,done | queued_or_interrupted,7,Ya,error_partial; 1 segmen queued_or_interrupted
run_cycle_off_completed_20260828_142518_681940.csv,2026-08-28T14:25:18.681,2026-08-28T14:28:06.587,Ya,Selesai,completed,off,167.914408,5868.747844,36,36,0,done,,Tidak,
run_cycle_off_error_partial_20260828_142847_675262.csv,2026-08-28T14:28:47.675,2026-08-28T14:30:51.349,Tidak,Tidak selesai / error,error_partial,off,123.675759,4075.959212,25,24,1,done | queued_or_interrupted,25,Ya,error_partial; 1 segmen queued_or_interrupted
run_cycle_off_completed_20260828_143149_505552.csv,2026-08-28T14:31:49.505,2026-08-28T14:34:39.957,Ya,Selesai,completed,off,170.461033,5868.747844,36,36,0,done,,Tidak,
run_cycle_off_completed_20260828_143525_771227.csv,2026-08-28T14:35:25.771,2026-08-28T14:38:12.715,Ya,Selesai,completed,off,166.949704,5868.747844,36,36,0,done,,Tidak,
run_cycle_off_error_partial_20260828_143850_012068.csv,2026-08-28T14:38:50.012,2026-08-28T14:40:27.185,Tidak,Tidak selesai / error,error_partial,off,97.181978,3546.923723,22,21,1,done | queued_or_interrupted,22,Ya,error_partial; 1 segmen queued_or_interrupted
run_cycle_off_stopped_partial_20260828_144258_424296.csv,2026-08-28T14:42:58.424,2026-08-28T14:45:40.433,Tidak,Tidak selesai / dihentikan,stopped_partial,off,162.010867,5818.747844,34,33,1,done | queued_or_interrupted,34,Tidak,stopped_partial; 1 segmen belum selesai (segmen 34)
run_cycle_off_stopped_partial_20260828_144918_254573.csv,2026-08-28T14:49:18.254,2026-08-28T14:49:28.734,Tidak,Tidak selesai / dihentikan,stopped_partial,off,10.487775,639.092721,4,3,1,done | queued_or_interrupted,4,Tidak,stopped_partial; 1 segmen belum selesai (segmen 4)
run_cycle_off_completed_20260828_145001_058705.csv,2026-08-28T14:50:01.058,2026-08-28T14:53:13.784,Ya,Selesai,completed,off,192.726173,5868.747844,36,36,0,done,,Tidak,
run_cycle_off_stopped_partial_20260828_145536_373026.csv,2026-08-28T14:55:36.373,2026-08-28T14:56:19.736,Tidak,Tidak selesai / dihentikan,stopped_partial,off,43.365006,639.092721,4,3,1,done | queued_or_interrupted,4,Tidak,stopped_partial; 1 segmen belum selesai (segmen 4)
run_cycle_off_stopped_partial_20260828_145805_813865.csv,2026-08-28T14:58:05.813,2026-08-28T14:58:33.312,Tidak,Tidak selesai / dihentikan,stopped_partial,off,27.504176,1088.185442,7,6,1,done | queued_or_interrupted,7,Tidak,stopped_partial; 1 segmen belum selesai (segmen 7)
run_cycle_off_error_partial_20260828_145856_549991.csv,2026-08-28T14:58:56.549,2026-08-28T14:59:08.325,Tidak,Tidak selesai / error,error_partial,off,11.775656,639.092721,4,3,1,done | queued_or_interrupted,4,Ya,error_partial; 1 segmen queued_or_interrupted
run_cycle_off_error_partial_20260828_145945_504960.csv,2026-08-28T14:59:45.504,2026-08-28T15:00:26.540,Tidak,Tidak selesai / error,error_partial,off,41.037366,1557.082804,10,9,1,done | queued_or_interrupted,10,Ya,error_partial; 1 segmen queued_or_interrupted
run_cycle_off_completed_20260828_150334_842586.csv,2026-08-28T15:03:34.842,2026-08-28T15:06:26.121,Ya,Selesai,completed,off,171.276073,5868.747844,36,36,0,done,,Tidak,
run_cycle_off_error_partial_20260828_150711_789047.csv,2026-08-28T15:07:11.789,2026-08-28T15:09:47.691,Tidak,Tidak selesai / error,error_partial,off,155.901645,5818.747844,34,33,1,done | queued_or_interrupted,34,Ya,error_partial; 1 segmen queued_or_interrupted
run_cycle_off_completed_20260828_151149_667419.csv,2026-08-28T15:11:49.667,2026-08-28T15:14:46.058,Ya,Selesai,completed,off,176.396388,5868.747844,36,36,0,done,,Tidak,
run_cycle_off_completed_20260828_151523_667382.csv,2026-08-28T15:15:23.667,2026-08-28T15:18:15.922,Ya,Selesai,completed,off,172.254951,5868.747844,36,36,0,done,,Tidak,
run_cycle_off_error_partial_20260828_151855_856356.csv,2026-08-28T15:18:55.856,2026-08-28T15:20:04.405,Tidak,Tidak selesai / error,error_partial,off,68.547163,2521.9342,16,15,1,done | queued_or_interrupted,16,Ya,error_partial; 1 segmen queued_or_interrupted
run_cycle_off_error_partial_20260828_152113_288763.csv,2026-08-28T15:21:13.288,2026-08-28T15:21:13.554,Tidak,Tidak selesai / error,error_partial,off,0.265607,0,1,0,1,no_segment_sent,0,Ya,error_partial; tidak ada segmen yang dikirim (no_segment_sent)
run_cycle_off_completed_20260828_152120_707724.csv,2026-08-28T15:21:20.707,2026-08-28T15:24:17.267,Ya,Selesai,completed,off,176.560417,5868.819273,36,36,0,done,,Tidak,
run_cycle_off_error_partial_20260828_152515_386566.csv,2026-08-28T15:25:15.386,2026-08-28T15:26:53.611,Tidak,Tidak selesai / error,error_partial,off,98.222191,3546.780866,22,21,1,done | queued_or_interrupted,22,Ya,error_partial; 1 segmen queued_or_interrupted
run_cycle_off_stopped_partial_20260828_152740_971540.csv,2026-08-28T15:27:40.971,2026-08-28T15:27:57.273,,Tidak selesai / dihentikan,stopped_partial,off,16.303116,639.092721,4,3,1,done | queued_or_interrupted,4,Tidak,stopped_partial; 1 segmen belum selesai (segmen 4)
run_cycle_off_stopped_partial_20260828_152954_661062.csv,2026-08-28T15:29:54.661,2026-08-28T15:30:00.494,,Tidak selesai / dihentikan,stopped_partial,off,5.831112,190,1,0,1,queued_or_interrupted,1,Tidak,stopped_partial; 1 segmen belum selesai (segmen 1)
run_cycle_off_completed_20260828_153013_969547.csv,2026-08-28T15:30:13.969,2026-08-28T15:33:14.937,Ya,Selesai,completed,off,180.979489,5868.747844,36,36,0,done,,Tidak,
run_cycle_off_completed_20260828_153428_550184.csv,2026-08-28T15:34:28.550,2026-08-28T15:37:27.546,Ya,Selesai,completed,off,178.994115,5868.604987,36,36,0,done,,Tidak,
run_cycle_off_error_partial_20260828_153821_827451.csv,2026-08-28T15:38:21.827,2026-08-28T15:38:22.163,,Tidak selesai / error,error_partial,off,0.334277,0,1,0,1,no_segment_sent,0,Ya,error_partial; tidak ada segmen yang dikirim (no_segment_sent)
run_cycle_off_completed_20260828_153826_273645.csv,2026-08-28T15:38:26.273,2026-08-28T15:41:18.612,Ya,Selesai,completed,off,172.346347,5868.604987,36,36,0,done,,Tidak,
run_cycle_off_error_partial_20260828_154224_556219.csv,2026-08-28T15:42:24.556,2026-08-28T15:42:27.233,,Tidak selesai / error,error_partial,off,2.67863,190,1,0,1,queued_or_interrupted,1,Ya,error_partial; 1 segmen queued_or_interrupted
run_cycle_off_completed_20260828_154231_410839.csv,2026-08-28T15:42:31.410,2026-08-28T15:45:24.505,Ya,Selesai,completed,off,173.097657,5868.747844,36,36,0,done,,Tidak,
